temp,k,epsilon_repulsive,batch,Rg,Re,PE,valid
0.1,1.0,0.1,0,1.0872500876680071,2.7452817915700156,-36.109589784520615,True
0.1,1.0,0.1,1,1.0550926458844112,2.2727701096436035,-36.999583565527516,True
0.1,1.0,0.1,2,1.050976806927004,1.1617050505497875,-37.848284844324475,True
0.1,1.0,0.48,0,1.0335389817394656,1.9644486832481547,-39.00271832132923,True
0.1,1.0,0.48,1,1.0553234942089451,1.184700137105922,-38.29552590223455,True
0.1,1.0,0.48,2,1.0656284809636252,1.9223253787438412,-37.657083085955314,True
0.1,1.0,0.86,0,1.0596428419349444,1.1514468663775366,-37.10775477460068,True
0.1,1.0,0.86,1,1.0624658283537594,1.1810125148112138,-39.11042600079234,True
0.1,1.0,0.86,2,1.0782047327966864,1.125107130846527,-37.56418592726729,True
0.1,1.0,1.24,0,1.0647316675264336,1.1808373547563151,-39.515039065619575,True
0.1,1.0,1.24,1,1.049943775199485,1.1833664784244626,-38.206240929819,True
0.1,1.0,1.24,2,1.0666009480636598,2.769533002321729,-36.24926718352594,True
0.1,1.0,1.62,0,1.0382888011614284,1.1317273177034008,-38.11377213519494,True
0.1,1.0,1.62,1,1.0236690160504556,1.8672613978442874,-40.61155210654472,True
0.1,1.0,1.62,2,1.054512691879556,1.843929868845703,-41.579477051351695,True
0.1,1.0,2.0,0,1.0617196656138708,1.925152017293913,-37.668112587258086,True
0.1,1.0,2.0,1,1.0628538886605623,1.1734459340192758,-37.24380284187923,True
0.1,1.0,2.0,2,1.0283218735974906,1.8717761629348484,-38.27231556072103,True
0.1,20.8,0.1,0,1.2416835783161955,1.235239496004278,-22.260037463099774,True
0.1,20.8,0.1,1,1.2099152067089423,1.8083024762595485,-24.385527071524542,True
0.1,20.8,0.1,2,1.2402930047698884,1.1520896187485719,-22.09688095276717,True
0.1,20.8,0.48,0,1.243378975369438,3.1422784039556326,-22.8422097837152,True
0.1,20.8,0.48,1,1.2565848172546836,2.2173846395323804,-22.157747425141725,True
0.1,20.8,0.48,2,1.2154201179437876,1.893871906223801,-23.42429966714058,True
0.1,20.8,0.86,0,1.2630048123621205,2.347905135582391,-22.075732904663884,True
0.1,20.8,0.86,1,1.216475656277347,1.1479795765527159,-23.83693574698004,True
0.1,20.8,0.86,2,1.2677239572468952,2.1520830766114813,-23.023189840440594,True
0.1,20.8,1.24,0,1.226362476340641,2.2598922712037357,-23.545351548737735,True
0.1,20.8,1.24,1,1.2206536607153349,1.9344034154342957,-23.29730214216494,True
0.1,20.8,1.24,2,1.251850248969642,1.142880124762697,-21.96848250895055,True
0.1,20.8,1.62,0,1.2781834029205725,2.5567550782448243,-22.08826436567283,True
0.1,20.8,1.62,1,1.2555688135356953,1.9659529062501557,-22.324120825148906,True
0.1,20.8,1.62,2,1.2301885260261205,1.1494908221977422,-23.530968007298465,True
0.1,20.8,2.0,0,1.2302147504624004,2.120369822573408,-22.780885350300352,True
0.1,20.8,2.0,1,1.209709214139024,1.9006782551181243,-23.55441164909138,True
0.1,20.8,2.0,2,1.2189474670216796,1.1288282432613528,-23.901179958694893,True
0.1,40.6,0.1,0,1.2352577377301106,1.9369183040940883,-23.160667555164277,True
0.1,40.6,0.1,1,1.2512846186380102,1.7635337605344525,-22.532254261691822,True
0.1,40.6,0.1,2,1.250669096910605,1.935584981206826,-22.578394368392022,True
0.1,40.6,0.48,0,1.2906380609401273,2.6980858744813925,-22.049178429165973,True
0.1,40.6,0.48,1,1.2675068528725693,1.7393800106346788,-21.656214444075157,True
0.1,40.6,0.48,2,1.2334958593246999,1.7866330344900245,-23.55435064766453,True
0.1,40.6,0.86,0,1.2343270691714197,1.889678762039117,-22.905445116716542,True
0.1,40.6,0.86,1,1.227725863829248,1.8445811768461118,-22.92089753560171,True
0.1,40.6,0.86,2,1.2341942711986396,2.1468548807003525,-23.70395491204035,True
0.1,40.6,1.24,0,1.2443835153345442,2.841350499057487,-22.604203465503478,True
0.1,40.6,1.24,1,1.241909199128582,1.9357226562382832,-22.674158840498993,True
0.1,40.6,1.24,2,1.2624624825114554,2.108589369311556,-21.695938718005078,True
0.1,40.6,1.62,0,1.2731364375342868,2.1668533554130134,-22.918901254853196,True
0.1,40.6,1.62,1,1.2745805581705145,1.1551278437196033,-21.778273654328856,True
0.1,40.6,1.62,2,1.2623287728260346,1.1509798300572056,-23.20999140161478,True
0.1,40.6,2.0,0,1.240572025435464,2.1901777850730597,-22.532193002969578,True
0.1,40.6,2.0,1,1.2760736732574929,1.8549081233437799,-22.840073422944865,True
0.1,40.6,2.0,2,1.2656879460373696,2.0558330073387365,-21.98866205572637,True
0.1,60.4,0.1,0,1.234979445286747,2.6001599431773452,-23.353255522173754,True
0.1,60.4,0.1,1,1.2462777395812028,1.244966170111669,-21.712544134519018,True
0.1,60.4,0.1,2,1.2620428818810447,1.984676016618985,-22.034779837236194,True
0.1,60.4,0.48,0,1.2648721612823786,1.1853166507837845,-22.62286737397055,True
0.1,60.4,0.48,1,1.2348533139478368,1.7422340571574657,-23.547819433273602,True
0.1,60.4,0.48,2,1.267986492635582,1.374264785444927,-22.33335404214134,True
0.1,60.4,0.86,0,1.2810300951469256,2.2420245761425868,-21.728428190959008,True
0.1,60.4,0.86,1,1.2444859452663777,2.07837498513987,-22.53583279468671,True
0.1,60.4,0.86,2,1.268231199883265,2.1704857339918178,-22.365829380667066,True
0.1,60.4,1.24,0,1.265237052038334,2.2652809012887154,-22.119503444016896,True
0.1,60.4,1.24,1,1.254276785819492,2.3586035681922706,-22.26017942466584,True
0.1,60.4,1.24,2,1.2744539391725374,2.3968060164332545,-21.660745966661793,True
0.1,60.4,1.62,0,1.2888384276463734,1.8957215338947073,-21.491767422638603,True
0.1,60.4,1.62,1,1.2606705826105873,1.817001218384729,-22.498864524094543,True
0.1,60.4,1.62,2,1.245357649652396,2.7604103716542108,-22.75033441156278,True
0.1,60.4,2.0,0,1.268502709508136,1.1642540392765652,-21.84195866753648,True
0.1,60.4,2.0,1,1.2636281885100622,1.2505736785396495,-22.00687690646217,True
0.1,60.4,2.0,2,1.2746340103425806,1.7534058238176726,-21.755213005907795,True
0.1,80.2,0.1,0,1.2439883417135826,1.978698995320214,-21.617817355582396,True
0.1,80.2,0.1,1,1.237314410391167,2.43277353408502,-22.45842742234136,True
0.1,80.2,0.1,2,1.2662436728509996,2.384085793074055,-22.307023931196703,True
0.1,80.2,0.48,0,1.2659177625125233,2.6415039772174267,-21.56752046672159,True
0.1,80.2,0.48,1,1.2433100275805071,1.2333702656199486,-22.226583874092658,True
0.1,80.2,0.48,2,1.2589611755212204,2.9659740551989375,-22.246847744452765,True
0.1,80.2,0.86,0,1.2505313790168378,2.096667995539358,-22.974405617419617,True
0.1,80.2,0.86,1,1.2439328959436144,1.1420379704843555,-22.658369863912313,True
0.1,80.2,0.86,2,1.2725191593206118,3.1562808787425225,-21.37384278475879,True
0.1,80.2,1.24,0,1.3047363596544894,2.9696743241799193,-21.15012398337212,True
0.1,80.2,1.24,1,1.296509316771911,1.1310887341873923,-22.487277405069005,True
0.1,80.2,1.24,2,1.236684003516835,2.7463088960796402,-23.45481333842777,True
0.1,80.2,1.62,0,1.2788814418956498,1.9572476736481932,-22.067498470800903,True
0.1,80.2,1.62,1,1.267468468308567,1.7948500599329902,-22.411955322076242,True
0.1,80.2,1.62,2,1.2599549716095197,1.16782435251004,-22.717296535290743,True
0.1,80.2,2.0,0,1.2546720824527962,2.0508442105436337,-22.095029555386375,True
0.1,80.2,2.0,1,1.2641742175498492,2.4553591405154753,-21.35613520476314,True
0.1,80.2,2.0,2,1.261470262506835,1.8260842542036415,-21.34480873900754,True
0.1,100.0,0.1,0,1.2423120638782823,2.814498061330969,-23.747537873114034,True
0.1,100.0,0.1,1,1.2490085621090297,1.9511925986534748,-22.295179133312903,True
0.1,100.0,0.1,2,1.2579053737126829,1.9566321582428998,-22.858791460821852,True
0.1,100.0,0.48,0,1.265677917980199,2.574331838685039,-22.041226901504725,True
0.1,100.0,0.48,1,1.2590489509376719,2.188446263469949,-21.806101976955997,True
0.1,100.0,0.48,2,1.2423189132308579,2.7316032279004845,-22.501883019501864,True
0.1,100.0,0.86,0,1.2434370098879712,1.8348839445209402,-23.363417090795252,True
0.1,100.0,0.86,1,1.2676807694857546,1.1148407912132492,-22.247239748561846,True
0.1,100.0,0.86,2,1.2768540932692947,2.225391945958465,-22.725681906725573,True
0.1,100.0,1.24,0,1.2509437930278373,1.1078520472921394,-21.990148208285945,True
0.1,100.0,1.24,1,1.2835163021721063,1.1444049026839804,-21.39016770060979,True
0.1,100.0,1.24,2,1.263351347283588,1.93152275710991,-21.982009029172055,True
0.1,100.0,1.62,0,1.2614384735202302,2.9060818654586944,-21.66764093067327,True
0.1,100.0,1.62,1,1.2667698372154543,1.6166433553733401,-21.803858868332295,True
0.1,100.0,1.62,2,1.2699991794701941,1.488237120819528,-21.897693072389675,True
0.1,100.0,2.0,0,1.2532036947871987,1.2004178226357407,-23.64233650870458,True
0.1,100.0,2.0,1,1.2873867005939323,2.0196011723829757,-21.471588820397223,True
0.1,100.0,2.0,2,1.264573447884065,1.126994743981072,-22.505387719381403,True
0.28,1.0,0.1,0,1.1975801429771775,2.182508493705852,-27.573674194672016,True
0.28,1.0,0.1,1,1.2141767632065943,1.175257952391741,-25.768306664687508,True
0.28,1.0,0.1,2,1.200012846387792,2.080767758093543,-26.275415158854592,True
0.28,1.0,0.48,0,1.188902027225547,1.7678522496799913,-27.296304937714144,True
0.28,1.0,0.48,1,1.2394361630256878,1.3563659171840678,-22.78442836790759,True
0.28,1.0,0.48,2,1.1087758076995957,1.981969342983022,-31.082341196974042,True
0.28,1.0,0.86,0,1.1488299047734367,1.1435662878764765,-29.914356456349818,True
0.28,1.0,0.86,1,1.1096476116924996,2.0638266807863483,-32.32676238360943,True
0.28,1.0,0.86,2,1.128892988191973,1.3803035780902917,-30.555639826670408,True
0.28,1.0,1.24,0,1.1448402017322572,1.3250858887479666,-32.17448602120496,True
0.28,1.0,1.24,1,1.1335630967683623,1.2814436335744126,-32.51053345698381,True
0.28,1.0,1.24,2,1.1578968831638456,1.195564464643491,-29.979971116132116,True
0.28,1.0,1.62,0,1.2062447095228017,1.2469976240605627,-26.484571281730624,True
0.28,1.0,1.62,1,1.2059616733508556,2.0939605938037347,-25.75273938375276,True
0.28,1.0,1.62,2,1.1996034755055611,2.0675376651481328,-30.34046658082163,True
0.28,1.0,2.0,0,1.154358782224075,1.2819399008669559,-29.57008100581378,True
0.28,1.0,2.0,1,1.1490432348889692,2.400345127625165,-30.27914900694339,True
0.28,1.0,2.0,2,1.1123196646440427,1.1728141747875447,-34.90165702135715,True
0.28,20.8,0.1,0,1.3084560141189636,2.7691481872853143,-18.38671245328719,True
0.28,20.8,0.1,1,1.373290806795077,1.784554153359231,-13.54604967760278,True
0.28,20.8,0.1,2,1.311589875043922,2.710090519183004,-15.479356707749595,True
0.28,20.8,0.48,0,1.3873458900159776,2.1848510315008167,-13.48834464807772,True
0.28,20.8,0.48,1,1.3521585645773109,1.235529259631396,-15.350521406423006,True
0.28,20.8,0.48,2,1.356585069587246,1.2042888803429863,-16.98501437994884,True
0.28,20.8,0.86,0,1.3733749912178503,1.8304576645589634,-13.390462696946383,True
0.28,20.8,0.86,1,1.3723946812551548,1.7506109930957927,-13.676826230663096,True
0.28,20.8,0.86,2,1.376149045515237,3.374079682219224,-13.169446602661285,True
0.28,20.8,1.24,0,1.470742039204676,3.4573329378966533,-13.115554738012584,True
0.28,20.8,1.24,1,1.307867426423789,1.4644113805570533,-17.463413203489207,True
0.28,20.8,1.24,2,1.3490609022141427,2.3812444191240063,-16.088891906435713,True
0.28,20.8,1.62,0,1.3410758701087782,2.1825700199105036,-15.862674258003235,True
0.28,20.8,1.62,1,1.3661555476328469,2.893197401922501,-12.96709705803091,True
0.28,20.8,1.62,2,1.3819843518254282,1.556259590649608,-13.351646630432056,True
0.28,20.8,2.0,0,1.3407162330123144,1.3988427638144945,-15.421936409788684,True
0.28,20.8,2.0,1,1.4253851215467392,1.822836119084829,-13.48614839617615,True
0.28,20.8,2.0,2,1.3659733859449372,2.476977251294287,-13.519504976678533,True
0.28,40.6,0.1,0,1.3820992639050402,3.2576011726573495,-13.085007303817667,True
0.28,40.6,0.1,1,1.3561877383494592,1.360154005716184,-13.945482715202383,True
0.28,40.6,0.1,2,1.3597247019119103,1.1618984208416043,-16.152233987964973,True
0.28,40.6,0.48,0,1.3384792329687856,1.5289003195386222,-15.484730149602397,True
0.28,40.6,0.48,1,1.3764343524291096,3.4232030356770498,-14.785523310668934,True
0.28,40.6,0.48,2,1.3580993396985723,3.3417831918189425,-14.083081278394353,True
0.28,40.6,0.86,0,1.3418724519160492,2.393044784086106,-14.701222766161454,True
0.28,40.6,0.86,1,1.3080012082473575,2.3335338149523976,-17.30810607487695,True
0.28,40.6,0.86,2,1.3603226307880976,2.323396387880249,-15.51452108396914,True
0.28,40.6,1.24,0,1.4204605095578793,3.258728557287351,-14.330244822751522,True
0.28,40.6,1.24,1,1.3379910128765664,1.5358719199360946,-15.792258136994372,True
0.28,40.6,1.24,2,1.5337275105932182,3.977242262059061,-11.483023731136191,True
0.28,40.6,1.62,0,1.3026602322505678,1.7080486560966484,-16.66864635014009,True
0.28,40.6,1.62,1,1.3199208286401798,2.207888139555613,-15.763826331257363,True
0.28,40.6,1.62,2,1.296939937365731,1.2218323015204104,-18.402473194499333,True
0.28,40.6,2.0,0,1.3317627999729231,1.4714927937285294,-16.731905518691864,True
0.28,40.6,2.0,1,1.3989696187446505,2.1401964453667253,-13.989715862543955,True
0.28,40.6,2.0,2,1.3614796413975003,1.4320700803740072,-16.3355448259877,True
0.28,60.4,0.1,0,1.355121956636242,1.3783501105459957,-14.025856537799681,True
0.28,60.4,0.1,1,1.3386808670245756,2.0489587528654143,-16.266196098941524,True
0.28,60.4,0.1,2,1.3291788649391216,1.3865918394462253,-15.703858132831902,True
0.28,60.4,0.48,0,1.393273868432196,2.4357915586163905,-12.800936338276921,True
0.28,60.4,0.48,1,1.3599270294733277,1.9776277831947635,-14.587671366346836,True
0.28,60.4,0.48,2,1.4527218841927576,1.2112276981356156,-11.11222873222332,True
0.28,60.4,0.86,0,1.3454035082667601,1.8889631281950157,-15.238997680127982,True
0.28,60.4,0.86,1,1.4802389739409574,1.618598869768733,-11.566055226831791,True
0.28,60.4,0.86,2,1.324896455057197,2.3570639483916382,-15.579946502284349,True
0.28,60.4,1.24,0,1.3437905637897987,1.5109591378608533,-15.98196161392915,True
0.28,60.4,1.24,1,1.447528011849122,2.6658843456925774,-13.952200871742578,True
0.28,60.4,1.24,2,1.394120537906011,2.2950504213016027,-14.245612374583864,True
0.28,60.4,1.62,0,1.3717586372051986,2.192806948658366,-14.225651315146502,True
0.28,60.4,1.62,1,1.3782106862457775,1.3138140568157497,-12.403235646058569,True
0.28,60.4,1.62,2,1.3420780826257015,1.6173892990646521,-17.809088001711135,True
0.28,60.4,2.0,0,1.386235400363477,3.0258998537884696,-13.975716538497748,True
0.28,60.4,2.0,1,1.3694394805107672,3.036203886972554,-13.353221671636948,True
0.28,60.4,2.0,2,1.39138718471743,2.63394289800598,-12.889505754327082,True
0.28,80.2,0.1,0,1.3516690800120577,2.412015854135877,-14.442232961250806,True
0.28,80.2,0.1,1,1.3457236725313018,3.316774399817047,-13.669790273334204,True
0.28,80.2,0.1,2,1.3548444773455381,2.2880747644395765,-14.35501098418135,True
0.28,80.2,0.48,0,1.4128742222983766,3.4578691197135587,-14.02898141123908,True
0.28,80.2,0.48,1,1.3834460376097304,2.8529534222372406,-15.115719010282213,True
0.28,80.2,0.48,2,1.46098729307316,3.172451126476012,-11.532698114165001,True
0.28,80.2,0.86,0,1.3564235375299307,1.2289953807425522,-16.002325942487456,True
0.28,80.2,0.86,1,1.297255593112933,1.6219058139420621,-18.68611501791764,True
0.28,80.2,0.86,2,1.383384310336391,2.546041520385858,-13.28209741788331,True
0.28,80.2,1.24,0,1.3490492525026552,2.8649550135745363,-13.605702063698086,True
0.28,80.2,1.24,1,1.3396008672011093,1.2125015182895273,-15.517145790658343,True
0.28,80.2,1.24,2,1.3925862826704798,2.776897735299015,-14.030724611752174,True
0.28,80.2,1.62,0,1.3999011867002968,2.9082632672991737,-13.140994388723081,True
0.28,80.2,1.62,1,1.3155799682377534,2.262477648734134,-16.964156595378704,True
0.28,80.2,1.62,2,1.4493425317823008,3.3799147352661776,-13.40246057430994,True
0.28,80.2,2.0,0,1.3737610868983168,2.3151009041662047,-14.992354354040149,True
0.28,80.2,2.0,1,1.3420154590278293,1.1830870704478829,-15.40055883336702,True
0.28,80.2,2.0,2,1.3884711415791438,2.222139956536679,-12.216602373878056,True
0.28,100.0,0.1,0,1.3180529115641955,1.9508542101901818,-16.72396023435262,True
0.28,100.0,0.1,1,1.3336918535618398,1.1702452739905271,-15.894020159036296,True
0.28,100.0,0.1,2,1.2973117212388436,2.1785886037244957,-16.220281177065182,True
0.28,100.0,0.48,0,1.3459231893509647,1.1820798856719035,-14.183214146703397,True
0.28,100.0,0.48,1,1.326088245133048,1.267545840829468,-15.403359682585808,True
0.28,100.0,0.48,2,1.3507104902558322,2.0664219880279977,-14.18747295061993,True
0.28,100.0,0.86,0,1.3877021085897905,2.9186794052826657,-13.23346987849256,True
0.28,100.0,0.86,1,1.3727567861174796,1.5035089957747312,-14.131588626741609,True
0.28,100.0,0.86,2,1.332605858583993,3.407524831186367,-18.05889513799236,True
0.28,100.0,1.24,0,1.3506289994300547,2.9466500129679023,-13.889172973786879,True
0.28,100.0,1.24,1,1.3556823689747461,3.1116933063851944,-14.009323141981959,True
0.28,100.0,1.24,2,1.3594383180614633,2.067262186500224,-14.982917712416056,True
0.28,100.0,1.62,0,1.3356047970868112,2.7185884937868208,-15.90907974875896,True
0.28,100.0,1.62,1,1.3316258150378233,3.5814815003329397,-16.547939404002918,True
0.28,100.0,1.62,2,1.4207037289018436,2.57794702869335,-11.928643145617114,True
0.28,100.0,2.0,0,1.3618515567574474,2.3147132991076846,-15.911902053172474,True
0.28,100.0,2.0,1,1.3628881527168224,2.5715716052237245,-13.67034736916671,True
0.28,100.0,2.0,2,1.3781926109470293,3.3358079920150385,-14.577059985239606,True
0.46,1.0,0.1,0,1.9559127769874782,4.362338943163897,-9.447536519743293,True
0.46,1.0,0.1,1,1.4697087862324665,3.0556966265778964,-12.708059825221737,True
0.46,1.0,0.1,2,5.126851946343789,12.306857793243493,4.75677014929349,True
0.46,1.0,0.48,0,5.800582842731839,15.495293551245135,5.285438136436163,True
0.46,1.0,0.48,1,1.658026643107486,1.4674623591303664,-9.439074278745274,True
0.46,1.0,0.48,2,1.793316952172614,1.5795636560350967,-6.243105994748978,True
0.46,1.0,0.86,0,1.835028475537236,4.613844209598025,-6.856848380359704,True
0.46,1.0,0.86,1,1.6678613428040452,1.7002961548534816,-7.123353035116318,True
0.46,1.0,0.86,2,2.326605938245584,6.019359046174983,-2.4837593244464586,True
0.46,1.0,1.24,0,1.642369658008256,2.7739839769641477,-10.543663427471024,True
0.46,1.0,1.24,1,2.311920087391077,6.118559534816625,-1.1284914493422962,True
0.46,1.0,1.24,2,2.843605784754516,7.280877028990203,0.2097144597532753,True
0.46,1.0,1.62,0,1.8568415562843683,2.234370708504351,-4.6507327605094275,True
0.46,1.0,1.62,1,2.0181394514086417,2.40293683009027,-6.642538559302798,True
0.46,1.0,1.62,2,1.5841603150275756,1.208687029566069,-9.428711878802519,True
0.46,1.0,2.0,0,1.4181152323906434,1.8626350668060772,-13.04957851187337,True
0.46,1.0,2.0,1,1.7663618741725802,3.9001140683356295,-7.806895234412032,True
0.46,1.0,2.0,2,1.76536874156446,2.5482394240019586,-5.448313683455588,True
0.46,20.8,0.1,0,1.643970145637231,1.887534245806979,-6.3906926277228715,True
0.46,20.8,0.1,1,1.931547677719828,5.703796486740825,-3.497737670092162,True
0.46,20.8,0.1,2,1.538866000875351,2.1691904210506485,-7.376069353874744,True
0.46,20.8,0.48,0,1.7687822373828315,3.5616436743905053,-4.0077419201364854,True
0.46,20.8,0.48,1,1.7444457002511173,4.220687218946431,-5.314769917417595,True
0.46,20.8,0.48,2,1.5001525526707362,1.4146120269224645,-7.12477530841041,True
0.46,20.8,0.86,0,1.6656010343057432,2.7904863234620776,-6.4628315518397175,True
0.46,20.8,0.86,1,1.6582395618309942,2.2790931155078256,-5.4732081464198234,True
0.46,20.8,0.86,2,2.7248434217889765,7.596714836261543,-0.2618309269587358,True
0.46,20.8,1.24,0,1.753874328685719,4.877912903133649,-4.991818590116857,True
0.46,20.8,1.24,1,1.7455920047658426,2.5023777000192524,-3.7105199066952887,True
0.46,20.8,1.24,2,1.7465671295844094,2.4326599410882492,-6.38521571247897,True
0.46,20.8,1.62,0,2.2408952514497966,4.913950067380823,-3.836246402264428,True
0.46,20.8,1.62,1,1.7491636920694962,2.400579753865302,-9.302383538113514,True
0.46,20.8,1.62,2,1.537253054448427,1.3578398508934222,-6.752963277196795,True
0.46,20.8,2.0,0,1.7004123402135198,4.965261827991803,-7.272252786646341,True
0.46,20.8,2.0,1,1.5477402655550625,2.0893550230205498,-7.8948890067199455,True
0.46,20.8,2.0,2,1.4716823997168738,2.138447557294581,-8.548880698724382,True
0.46,40.6,0.1,0,1.6539385003810463,2.481759699145551,-5.777315904345468,True
0.46,40.6,0.1,1,1.4587783727707926,1.555392009790906,-7.6438415108990645,True
0.46,40.6,0.1,2,1.5198983663958585,2.2949454108082743,-6.95078438098385,True
0.46,40.6,0.48,0,1.4943513684157488,4.062473381042355,-6.401691170628949,True
0.46,40.6,0.48,1,2.120216850139836,5.744924869861424,-4.663531685362048,True
0.46,40.6,0.48,2,1.607574841530259,3.1596366563070304,-8.037177972242269,True
0.46,40.6,0.86,0,1.9451633723569457,4.606685424837411,-5.319453949425269,True
0.46,40.6,0.86,1,1.490881101945555,1.9927966161593818,-8.397570964440721,True
0.46,40.6,0.86,2,1.7668594975059753,2.155891708719561,-5.402523250448699,True
0.46,40.6,1.24,0,1.6365177218444615,2.573077284459718,-8.346814935006755,True
0.46,40.6,1.24,1,1.5427992387189429,2.1624946910035536,-7.38432949738932,True
0.46,40.6,1.24,2,1.575374043026161,1.6422943303397832,-8.847859784846229,True
0.46,40.6,1.62,0,1.7962979853456307,3.9706515614159748,-6.886517351805042,True
0.46,40.6,1.62,1,1.4114504642612702,2.8650628741511692,-10.813405683364904,True
0.46,40.6,1.62,2,1.5516987583140947,3.352053339368037,-8.687592783976585,True
0.46,40.6,2.0,0,1.6808829736496977,2.0670833145450955,-6.836862079209371,True
0.46,40.6,2.0,1,1.6276269669758663,2.451983248291817,-6.946970627794028,True
0.46,40.6,2.0,2,1.5362684547632355,1.6742622990084917,-5.3411028787498696,True
0.46,60.4,0.1,0,1.60033529802073,3.9103341145018344,-6.179237027197747,True
0.46,60.4,0.1,1,1.6609968948423743,1.911102838467992,-4.799536846454143,True
0.46,60.4,0.1,2,1.4575818329303383,2.0066268482858844,-9.15175867312631,True
0.46,60.4,0.48,0,1.5501262771994897,2.6134724415474477,-6.544916641220836,True
0.46,60.4,0.48,1,1.4960272004997943,3.0950512557054,-7.938328796213005,True
0.46,60.4,0.48,2,2.387009121445172,7.002781055243471,-1.3924766744903343,True
0.46,60.4,0.86,0,1.5377419169127202,2.136533279711061,-6.204836754777382,True
0.46,60.4,0.86,1,1.5009819214293452,2.6141889332149217,-8.5187592259652,True
0.46,60.4,0.86,2,1.5710270145149028,3.115378116816048,-8.629815865948796,True
0.46,60.4,1.24,0,1.8442471985416986,2.843628269917582,-4.919621980287769,True
0.46,60.4,1.24,1,1.6061431964485533,3.08309282860215,-6.467315878632044,True
0.46,60.4,1.24,2,1.886286463577641,4.711001075870467,-6.900046754164485,True
0.46,60.4,1.62,0,1.5618934505584972,3.1336490149858776,-6.482726216225001,True
0.46,60.4,1.62,1,1.4380329685974045,3.0087784023963233,-10.5495467363897,True
0.46,60.4,1.62,2,1.6869986385112385,3.773450090334163,-5.917576457790148,True
0.46,60.4,2.0,0,1.6168761429540057,3.337127892936457,-4.5701531323321385,True
0.46,60.4,2.0,1,1.9071204741542067,4.837892821109354,-4.091812207914889,True
0.46,60.4,2.0,2,1.515655096000445,4.134914460186589,-8.072064643542921,True
0.46,80.2,0.1,0,1.5014963311109508,2.326534236488592,-7.4062108274515905,True
0.46,80.2,0.1,1,1.4981343426039502,1.7458480981939297,-8.21476102836911,True
0.46,80.2,0.1,2,1.50678238055687,2.821536951798356,-7.338163069209584,True
0.46,80.2,0.48,0,1.7033582106480376,1.8121646413637646,-7.148939040775996,True
0.46,80.2,0.48,1,1.6284206291783192,4.363754309984441,-6.445468094416169,True
0.46,80.2,0.48,2,1.5340750770035063,1.5884737260760773,-7.738653693787496,True
0.46,80.2,0.86,0,1.5823592653282648,2.487156348027639,-7.96235891402937,True
0.46,80.2,0.86,1,1.4197813247415414,2.460261446009935,-8.455983313136826,True
0.46,80.2,0.86,2,2.0788663394324964,4.596510410324608,-1.692700670710708,True
0.46,80.2,1.24,0,1.4810897650131825,1.6208213132375413,-7.795503130381401,True
0.46,80.2,1.24,1,1.6770976777067133,4.590874489164546,-4.739676283860118,True
0.46,80.2,1.24,2,1.5896241568014375,2.0489982957207262,-6.423555261366787,True
0.46,80.2,1.62,0,1.5242219404569448,2.6226433429482934,-8.789382115490776,True
0.46,80.2,1.62,1,1.45663996392174,1.7472316392881626,-9.143622696487153,True
0.46,80.2,1.62,2,1.4647457391949774,2.510577696712258,-9.747579769634969,True
0.46,80.2,2.0,0,1.5824162837267266,3.359836741698319,-4.960547767701479,True
0.46,80.2,2.0,1,1.536025274343808,1.9989517802969272,-8.758956288493549,True
0.46,80.2,2.0,2,1.4567214416552272,2.0864370198390425,-9.302904279172074,True
0.46,100.0,0.1,0,1.7234999028814022,4.100038787358343,-6.7684452641560675,True
0.46,100.0,0.1,1,1.4120544395782368,2.7673858916327276,-9.807862235778659,True
0.46,100.0,0.1,2,1.5395656002070428,3.14223848958933,-6.404118721022976,True
0.46,100.0,0.48,0,1.5298804551928498,1.8442380855160576,-9.328585360093406,True
0.46,100.0,0.48,1,1.8229806420872519,4.905998643898281,-5.6345735960248415,True
0.46,100.0,0.48,2,1.5575725200313773,3.360760536877783,-6.189748546354195,True
0.46,100.0,0.86,0,1.6962439917459653,2.1655457532989457,-4.564853183898243,True
0.46,100.0,0.86,1,2.382046339079211,6.3749358261133136,-3.427721517577603,True
0.46,100.0,0.86,2,1.8035441815661122,4.927462133294541,-6.03629928753179,True
0.46,100.0,1.24,0,1.4527165793527954,1.79212868277175,-8.827666693541389,True
0.46,100.0,1.24,1,1.7978437567874286,5.046085270915607,-4.987774056437722,True
0.46,100.0,1.24,2,1.5177150324429982,2.3507768580912694,-7.278150907682832,True
0.46,100.0,1.62,0,1.745193193405556,4.29445455389234,-8.22856623957964,True
0.46,100.0,1.62,1,1.4702799349132654,2.6424172353418838,-9.665347353216868,True
0.46,100.0,1.62,2,1.5444873378327484,1.8257781132631472,-7.963168905230019,True
0.46,100.0,2.0,0,1.6561986166393143,3.262226430137473,-5.571781469109863,True
0.46,100.0,2.0,1,1.6474326407974933,3.9325983653333982,-6.188066000452051,True
0.46,100.0,2.0,2,1.5909309049663065,2.9414529725357994,-7.822784393059648,True
0.64,1.0,0.1,0,3.9867839188749654,9.108756461509941,7.744217381070736,True
0.64,1.0,0.1,1,5.058433973792359,10.549528636518174,10.752918907280172,True
0.64,1.0,0.1,2,4.702279038168072,11.92400234227265,10.565666424653815,True
0.64,1.0,0.48,0,3.7451776711558877,10.77305416657056,8.988499599889105,True
0.64,1.0,0.48,1,2.436065531808873,5.310774003772665,3.470841922510296,True
0.64,1.0,0.48,2,4.3337183462745115,11.138764161349238,11.229119250884137,True
0.64,1.0,0.86,0,6.920635163675547,19.16861772208377,15.555342024047318,True
0.64,1.0,0.86,1,5.814830797625881,13.733168669589896,12.36491425080053,True
0.64,1.0,0.86,2,3.987171643400178,10.634628964890297,10.593404266748196,True
0.64,1.0,1.24,0,2.7814081969556423,5.736253736824731,7.066290067850953,True
0.64,1.0,1.24,1,2.1362031255674414,6.0468485354988335,2.744712068442555,True
0.64,1.0,1.24,2,4.291396884065158,8.807504418094588,10.868598560591861,True
0.64,1.0,1.62,0,4.6031483729318445,7.189871250364607,11.942131324709479,True
0.64,1.0,1.62,1,3.3236287665168613,4.160984417520681,6.539177675695105,True
0.64,1.0,1.62,2,5.564823319950673,13.264636105653183,12.413317271622404,True
0.64,1.0,2.0,0,4.048080435648054,8.253077279099788,9.752653899018458,True
0.64,1.0,2.0,1,2.1752437468018373,4.37603460797734,4.142968476865397,True
0.64,1.0,2.0,2,5.034459461146212,11.577658852348359,10.756749293102414,True
0.64,20.8,0.1,0,2.2667876549890438,7.172080594215293,3.7480884336770566,True
0.64,20.8,0.1,1,1.6820354100774244,3.1814542333917615,-0.15711813167938019,True
0.64,20.8,0.1,2,1.9804603166990924,2.7510380863596153,1.150707054158988,True
0.64,20.8,0.48,0,3.376655254822619,9.01282560599227,6.609068895867363,True
0.64,20.8,0.48,1,1.6997266355062788,2.488133858004164,-1.4005560799001104,True
0.64,20.8,0.48,2,1.6657397717019797,4.78202156595441,-1.8573914949614252,True
0.64,20.8,0.86,0,2.1525230118980927,5.0262582996449785,1.1763601140804587,True
0.64,20.8,0.86,1,1.8042060101255664,3.088505636348298,0.06706351259257225,True
0.64,20.8,0.86,2,1.9163836963219743,2.8071314576330515,-1.9205258694782983,True
0.64,20.8,1.24,0,2.057274992608873,5.250768716339202,2.346929018426486,True
0.64,20.8,1.24,1,1.5821005913380533,3.1897091234285564,-3.908164566245654,True
0.64,20.8,1.24,2,1.8077315265190963,3.694082863756805,-0.1448598922063396,True
0.64,20.8,1.62,0,2.964800091907745,7.474746728152882,3.2239201981770624,True
0.64,20.8,1.62,1,2.089367568339134,6.044545709238557,-0.2704296736566362,True
0.64,20.8,1.62,2,1.7994564414185052,3.7381402809936337,-1.3633789202420254,True
0.64,20.8,2.0,0,1.8107631186851838,2.1146989055597882,0.1459221631359029,True
0.64,20.8,2.0,1,1.7699323565923788,3.135676866308259,-3.19706667858806,True
0.64,20.8,2.0,2,1.9336103941827496,3.571354881582837,0.5577778264829211,True
0.64,40.6,0.1,0,2.4937933335584934,6.688668897918846,3.2709603711520687,True
0.64,40.6,0.1,1,1.7253718790126518,1.9033823178419402,0.13985721082644972,True
0.64,40.6,0.1,2,1.643740829806819,2.6874918446671874,-0.2617339454868336,True
0.64,40.6,0.48,0,1.787627586065521,1.8038464503365095,-1.144350720793869,True
0.64,40.6,0.48,1,2.5148356743862013,7.027083869543445,5.1809272456291895,True
0.64,40.6,0.48,2,1.8666415747008116,3.188408440091511,-1.2097318914823467,True
0.64,40.6,0.86,0,1.7614640887308548,3.251805144904801,-1.003481741169753,True
0.64,40.6,0.86,1,1.7652376329338852,3.1497636422671627,-2.425694666960996,True
0.64,40.6,0.86,2,2.463147072630787,6.118318434433418,3.936510269865172,True
0.64,40.6,1.24,0,2.065814987212532,6.020818659467349,-0.7835590307713196,True
0.64,40.6,1.24,1,1.8606482267122044,2.918453723390731,0.5803852041301579,True
0.64,40.6,1.24,2,1.6767441589091938,2.1216027371580495,-2.5534209480091006,True
0.64,40.6,1.62,0,2.353555732324773,3.328738799350829,1.8506908058593177,True
0.64,40.6,1.62,1,1.8206185837764786,3.300861439879244,-0.23736979206820716,True
0.64,40.6,1.62,2,2.6268406601099006,6.687154558902038,3.4322015294562864,True
0.64,40.6,2.0,0,1.5628603213085244,2.685322219280193,-4.4453290319404175,True
0.64,40.6,2.0,1,1.7057854406669763,2.9807427690220747,-1.5734291762061696,True
0.64,40.6,2.0,2,2.1288710864411056,5.137888807728769,-0.6773638441730084,True
0.64,60.4,0.1,0,1.595813309041852,3.430854077144584,-2.402430942459319,True
0.64,60.4,0.1,1,1.5102808915088992,2.6469261976977148,-2.5985683827547352,True
0.64,60.4,0.1,2,2.028621374355869,4.753780201637195,2.7804198545232777,True
0.64,60.4,0.48,0,1.8239777278469653,3.640219448604666,-1.7574204075759257,True
0.64,60.4,0.48,1,1.7551773790243264,4.6699700701998585,-2.4258483618539723,True
0.64,60.4,0.48,2,1.7836865114174412,4.0660677061280985,-1.4133836650434413,True
0.64,60.4,0.86,0,1.6193493029541108,3.373559310217903,-1.678659888884121,True
0.64,60.4,0.86,1,1.556429522572726,3.261556336810649,-4.751192135721954,True
0.64,60.4,0.86,2,1.6454468630239998,2.7617344588023838,-4.149065708568717,True
0.64,60.4,1.24,0,1.8691843684471356,3.5062266203288233,1.4357486025961728,True
0.64,60.4,1.24,1,2.5598192913806286,5.342049323879641,3.2179420280475957,True
0.64,60.4,1.24,2,1.5724575590098977,2.2214619810232197,-2.53489756725445,True
0.64,60.4,1.62,0,2.416576956482309,5.605468405868748,1.7845131708318251,True
0.64,60.4,1.62,1,1.9376135396568128,2.4760581912520174,-0.15715766374548268,True
0.64,60.4,1.62,2,1.6593155797150516,3.535715538811769,-3.3407316291820464,True
0.64,60.4,2.0,0,2.192648955565576,5.970176987129872,1.0125717504472294,True
0.64,60.4,2.0,1,2.2106307149071975,6.260405353634536,2.9102838756635134,True
0.64,60.4,2.0,2,1.747418692767092,2.1468550875034658,-1.8461549951463625,True
0.64,80.2,0.1,0,1.6800289694197994,3.0965796390793208,-2.6259785110974843,True
0.64,80.2,0.1,1,1.6950302460842017,3.0667791392312864,-2.6314910027152245,True
0.64,80.2,0.1,2,2.2877468464734805,6.145180718449898,2.039556055446345,True
0.64,80.2,0.48,0,2.210969757684026,4.450810445133708,0.33317889592851535,True
0.64,80.2,0.48,1,2.049416483188826,3.7852721938380607,0.31233243323380405,True
0.64,80.2,0.48,2,1.7599682832442582,3.1235839110535277,-0.2588218467623706,True
0.64,80.2,0.86,0,2.356962696650555,5.608658298866277,3.061260954453468,True
0.64,80.2,0.86,1,1.9500958476676262,3.7943614687659517,1.4203566791129438,True
0.64,80.2,0.86,2,1.6710792946131763,2.26255349282104,-1.928889207993211,True
0.64,80.2,1.24,0,1.5236737490046375,2.2825653385961906,-4.710245345748475,True
0.64,80.2,1.24,1,2.639440664047589,6.568179974310061,3.1820246958748477,True
0.64,80.2,1.24,2,2.1434142773000113,5.91658895320573,2.026063125623982,True
0.64,80.2,1.62,0,3.1957136122181242,6.727712474146585,1.8326727162954013,True
0.64,80.2,1.62,1,1.938397668994058,2.805745120536156,0.3023562680908533,True
0.64,80.2,1.62,2,2.136499109268827,6.549813606431326,0.6641021346639856,True
0.64,80.2,2.0,0,1.6522354046065824,2.5191127873037926,-3.350551565928995,True
0.64,80.2,2.0,1,2.3207108390084814,6.212178999145125,0.015267247830372081,True
0.64,80.2,2.0,2,3.0387095366483323,7.652262187216305,3.427006220655669,True
0.64,100.0,0.1,0,1.711118496730288,2.8180482139099507,0.8026636281424896,True
0.64,100.0,0.1,1,2.562937702979425,6.860304002328485,4.151489644214485,True
0.64,100.0,0.1,2,1.6162694630487788,2.6651707041441726,-2.1379472380479525,True
0.64,100.0,0.48,0,1.6093394299565547,3.534916762807628,-1.8530089621279826,True
0.64,100.0,0.48,1,1.5204268592385004,2.880453573124109,-3.214410877227221,True
0.64,100.0,0.48,2,1.765581916417895,1.7989131546256296,-2.7837034970375765,True
0.64,100.0,0.86,0,2.2332459413883927,7.1112476457826075,4.527591507077712,True
0.64,100.0,0.86,1,2.494949634284103,8.086972858089066,1.0739563103670378,True
0.64,100.0,0.86,2,1.6917830464772496,4.010670074865666,-4.036265535010999,True
0.64,100.0,1.24,0,1.7339982995481467,4.008914280919158,-1.8165082789227665,True
0.64,100.0,1.24,1,1.7023708902465124,3.7378087988448105,-0.10326294476076477,True
0.64,100.0,1.24,2,1.8848647247909711,3.762472747239258,-0.8577372897009171,True
0.64,100.0,1.62,0,1.994874583687171,4.690973741415229,-1.7911727449489936,True
0.64,100.0,1.62,1,2.3512381452279714,6.94573206536341,0.5443974247872835,True
0.64,100.0,1.62,2,1.6169890444962758,4.504545388912715,-5.703467962349037,True
0.64,100.0,2.0,0,1.981078055788846,3.523973904559389,-0.779208612025646,True
0.64,100.0,2.0,1,2.1706276874218764,4.809129689405316,-0.27132125825458864,True
0.64,100.0,2.0,2,1.6349069184269394,2.3826425249197394,-3.208941127144214,True
0.82,1.0,0.1,0,4.981527346963168,13.487002785121026,14.85660818376498,True
0.82,1.0,0.1,1,2.5051453069563756,7.455034719641548,6.6032623971556825,True
0.82,1.0,0.1,2,4.116724556652164,8.590834061381717,10.994631105520494,True
0.82,1.0,0.48,0,3.4899607893424713,7.547140934428931,13.344282325100743,True
0.82,1.0,0.48,1,5.571064745775896,15.935550698907354,14.518725854647355,True
0.82,1.0,0.48,2,4.449944619969326,12.480081472176348,13.293994022396616,True
0.82,1.0,0.86,0,5.866072079445312,14.747852946150976,16.087532966483284,True
0.82,1.0,0.86,1,3.1824055081316254,5.376036116336445,11.790149607138982,True
0.82,1.0,0.86,2,3.608820320011298,5.773612603298342,14.768686953356978,True
0.82,1.0,1.24,0,4.785674796794673,13.585774828693678,12.493185403781808,True
0.82,1.0,1.24,1,3.7268114617275723,8.258371223136397,15.096809566911435,True
0.82,1.0,1.24,2,2.992721321898584,7.180948594529038,12.61803018562817,True
0.82,1.0,1.62,0,3.1094796024221676,9.604556955008318,9.37435174508987,True
0.82,1.0,1.62,1,4.607930609290855,11.945773897318086,15.573668563476703,True
0.82,1.0,1.62,2,3.3552349906184924,3.700742500485014,13.74186538927958,True
0.82,1.0,2.0,0,2.806274927565015,3.587274900307802,11.627229580906635,True
0.82,1.0,2.0,1,3.1036031162927156,7.573263450617231,9.541605285870586,True
0.82,1.0,2.0,2,4.099233860521518,8.893731895712506,13.70273813510515,True
0.82,20.8,0.1,0,1.9250772263364737,3.9651518110102457,3.5427921195899974,True
0.82,20.8,0.1,1,2.876283534997991,6.492993672103761,6.644499599272948,True
0.82,20.8,0.1,2,2.7853884335181367,8.563995930078528,7.045657628191485,True
0.82,20.8,0.48,0,1.794964447442229,2.3818485418335427,1.8101453055720576,True
0.82,20.8,0.48,1,2.908185135647784,6.910352555722293,5.820766555229468,True
0.82,20.8,0.48,2,2.9530539295578997,8.492504616777051,4.631367002291249,True
0.82,20.8,0.86,0,2.695193705808736,8.52963596701122,5.976185299379308,True
0.82,20.8,0.86,1,2.6977019482217814,7.42103281658553,4.993651983487148,True
0.82,20.8,0.86,2,2.402265141348548,5.684257351109556,2.986703588230922,True
0.82,20.8,1.24,0,2.7338386648733386,5.9860123672176675,7.145072967583272,True
0.82,20.8,1.24,1,1.9788085654898802,2.1312543821948826,3.798007523822888,True
0.82,20.8,1.24,2,2.4854223560407895,6.642419931974366,6.528763703950752,True
0.82,20.8,1.62,0,2.3806028599364883,4.651824284078333,5.705159832288996,True
0.82,20.8,1.62,1,2.4280404137223064,6.165691442088311,4.846100766985825,True
0.82,20.8,1.62,2,2.089221793595894,3.0856233053275055,6.813796914474778,True
0.82,20.8,2.0,0,3.4504459005035546,8.179772207440559,5.194671456512301,True
0.82,20.8,2.0,1,2.6192970766933636,7.259452118382572,5.222659133820526,True
0.82,20.8,2.0,2,2.2701589889470473,4.506720442499709,5.587113166572721,True
0.82,40.6,0.1,0,2.574029176669275,6.456475772607465,4.117313635325846,True
0.82,40.6,0.1,1,1.9747448248584658,4.624165207658445,1.4628002528684962,True
0.82,40.6,0.1,2,1.9215152792811532,2.324676478592398,-0.09879945430193086,True
0.82,40.6,0.48,0,2.7576673581666853,8.008210218243175,5.925555305601416,True
0.82,40.6,0.48,1,3.0689764904203805,9.240068555144427,8.970187904345654,True
0.82,40.6,0.48,2,2.029316389102384,5.8523567461383825,3.429900050673294,True
0.82,40.6,0.86,0,2.2685555702066984,5.588136746382812,4.0668857811789465,True
0.82,40.6,0.86,1,1.636035904951345,2.642587039780117,1.7626716289668674,True
0.82,40.6,0.86,2,2.9797469703169317,8.4351837941332,8.685096043356253,True
0.82,40.6,1.24,0,3.4375510899323536,10.422999875124018,7.8086204661927265,True
0.82,40.6,1.24,1,2.3117048306926438,4.137165810422573,7.27883105794177,True
0.82,40.6,1.24,2,2.0125419850535446,4.705444252509409,3.3182222437875555,True
0.82,40.6,1.62,0,2.0687956821326785,6.090841122746847,2.934467535258022,True
0.82,40.6,1.62,1,2.208153995651222,3.9991121263555427,5.705547647599792,True
0.82,40.6,1.62,2,2.7934344330537852,6.678646467127567,7.2099052116975795,True
0.82,40.6,2.0,0,2.729283629830807,7.88664238507306,5.654622432439246,True
0.82,40.6,2.0,1,2.134399905286793,4.3054251528917495,5.267743084042794,True
0.82,40.6,2.0,2,3.0093188778970785,8.128666829159972,5.841026643473627,True
0.82,60.4,0.1,0,2.8045839495601173,6.872497970352896,3.5762017441580416,True
0.82,60.4,0.1,1,2.732122278794421,7.743517466232064,7.0156379682058105,True
0.82,60.4,0.1,2,1.5520065370579192,2.879140750031446,-0.484329017883144,True
0.82,60.4,0.48,0,2.7871477053333717,7.6536390211151595,6.388477424946566,True
0.82,60.4,0.48,1,2.3900067390230646,6.195139487945584,4.189962892607953,True
0.82,60.4,0.48,2,3.428981654190478,10.574760822340279,5.080928234799047,True
0.82,60.4,0.86,0,3.0775752075977643,8.861852832719554,4.3173815752700815,True
0.82,60.4,0.86,1,3.9104125190613273,10.041253849126228,5.914878061787067,True
0.82,60.4,0.86,2,2.216297608593973,5.357830909660423,3.6606582302189645,True
0.82,60.4,1.24,0,1.918454199342892,3.524596757538057,0.2902304786984214,True
0.82,60.4,1.24,1,1.9491996907650226,4.190646732992372,5.560078069311194,True
0.82,60.4,1.24,2,3.098570055625788,9.608797368084893,2.9597349091201535,True
0.82,60.4,1.62,0,2.308111865831172,6.401178521614056,3.281641032228908,True
0.82,60.4,1.62,1,2.815390931890657,6.481312439498476,5.64014690519351,True
0.82,60.4,1.62,2,2.2617329491642977,6.684030953843618,2.7542869394074008,True
0.82,60.4,2.0,0,2.5119786157219988,7.4163492958548485,2.4522954358730895,True
0.82,60.4,2.0,1,3.192618697669896,7.944057539861583,8.878768812959633,True
0.82,60.4,2.0,2,2.596811165391193,6.75525498285619,5.085416056496496,True
0.82,80.2,0.1,0,1.9298314848600746,3.7003383957801024,3.295726011095744,True
0.82,80.2,0.1,1,1.8204606068164233,3.2354068530131133,-0.4347117407257805,True
0.82,80.2,0.1,2,1.819414858163109,2.4035380679216036,1.8587053245162803,True
0.82,80.2,0.48,0,2.154392279971065,5.095912298945052,4.474419380322602,True
0.82,80.2,0.48,1,2.685393104928579,5.687781896685974,5.516399563391988,True
0.82,80.2,0.48,2,1.7165791655127496,3.175980245185546,2.3026272392239147,True
0.82,80.2,0.86,0,2.9034663581758453,7.182541102453713,5.880735772530516,True
0.82,80.2,0.86,1,3.156532376971868,9.680583684769578,5.043210125213239,True
0.82,80.2,0.86,2,2.0456772863668613,4.9558974513587,3.2123895609665976,True
0.82,80.2,1.24,0,2.285513544100844,4.685437601186472,4.079410803739694,True
0.82,80.2,1.24,1,3.149087407654284,8.348728450777195,4.610349795292962,True
0.82,80.2,1.24,2,1.884142752279345,2.0655946336897144,4.335701626666665,True
0.82,80.2,1.62,0,2.5090092664381696,5.64004367534397,6.04156459862192,True
0.82,80.2,1.62,1,2.328826868796228,4.586934058570124,3.0277575479304577,True
0.82,80.2,1.62,2,2.508057432920639,5.424509478394615,4.366668957256913,True
0.82,80.2,2.0,0,2.304994838434122,6.200482379050161,4.096779461821784,True
0.82,80.2,2.0,1,1.7667965410943918,4.1274560332183725,0.46983171878129215,True
0.82,80.2,2.0,2,3.3783432421205157,9.048850894978543,6.056967339251156,True
0.82,100.0,0.1,0,2.164056790717633,5.35111893788222,1.8200303951098422,True
0.82,100.0,0.1,1,2.4386338953775986,5.243488091360562,6.705709015333594,True
0.82,100.0,0.1,2,1.5720698398029955,2.6771214049281604,0.3237764021401702,True
0.82,100.0,0.48,0,1.8917006348154348,2.4416303716063137,4.843388215112601,True
0.82,100.0,0.48,1,3.198552926917651,8.176222619372588,8.868722203012393,True
0.82,100.0,0.48,2,2.9293166224499987,7.573694100817646,5.392046799517402,True
0.82,100.0,0.86,0,2.1138507122513137,4.897382730958475,3.441396251850051,True
0.82,100.0,0.86,1,3.6080356142410954,10.182603264043903,7.179471955771573,True
0.82,100.0,0.86,2,1.8531643839045822,4.636846266719847,2.1739910827390982,True
0.82,100.0,1.24,0,3.5095361019660434,10.315105305902991,6.554394909902396,True
0.82,100.0,1.24,1,1.7669804887693035,2.274364369575753,0.6361364122359278,True
0.82,100.0,1.24,2,1.9733209704816956,3.198880034378396,3.290862923965619,True
0.82,100.0,1.62,0,2.5338660465367258,7.889895960970287,3.697048250527871,True
0.82,100.0,1.62,1,2.0678535979153447,4.6497011003639015,4.133586092861557,True
0.82,100.0,1.62,2,1.993826543957164,5.65468238189236,3.3238472875616605,True
0.82,100.0,2.0,0,1.8348351314385718,5.192938593651971,1.6626534387616614,True
0.82,100.0,2.0,1,2.4351076106470715,6.302909959168751,2.719790606695176,True
0.82,100.0,2.0,2,2.4408246612506734,5.838538627392413,5.1917464816011565,True
1.0,1.0,0.1,0,6.500907091852755,18.34853783540988,19.962066916635425,True
1.0,1.0,0.1,1,3.9173747354204607,6.175122895256116,18.974084528152627,True
1.0,1.0,0.1,2,4.189575786615383,8.581759896393223,18.447330281339283,True
1.0,1.0,0.48,0,2.6283062972520397,3.153447452175259,13.540756246276652,True
1.0,1.0,0.48,1,3.770464798924223,7.259383839315616,20.955728514519393,True
1.0,1.0,0.48,2,3.8473468664653865,9.104062811353058,16.320373222874885,True
1.0,1.0,0.86,0,2.856036507659252,6.451205083015671,15.433141833584694,True
1.0,1.0,0.86,1,4.431945358179042,9.430303497591803,19.752341844345278,True
1.0,1.0,0.86,2,4.239222707903702,10.284928215044125,17.876884151493538,True
1.0,1.0,1.24,0,3.350596647712629,5.524357969055067,18.077943637506607,True
1.0,1.0,1.24,1,4.508117477878842,11.074893789155082,20.342508309413205,True
1.0,1.0,1.24,2,5.536886954567466,12.838762830693629,20.354784116614717,True
1.0,1.0,1.62,0,3.574906043587822,8.058870582723161,16.77955332399012,True
1.0,1.0,1.62,1,3.1982006303609647,5.866761217513045,16.56264736677386,True
1.0,1.0,1.62,2,4.866123351076265,11.381528118499762,19.59736758583066,True
1.0,1.0,2.0,0,2.7630049487872954,5.044001271388397,15.844579382856702,True
1.0,1.0,2.0,1,4.079036574711298,10.859876745040099,19.432544920579613,True
1.0,1.0,2.0,2,4.164355530626278,11.980073968579596,19.087673423464533,True
1.0,20.8,0.1,0,2.000924289297914,3.548432307799471,7.472508752873652,True
1.0,20.8,0.1,1,2.481799687582074,5.60031350643599,7.253980451110846,True
1.0,20.8,0.1,2,3.16147676667557,7.330950876649997,8.724457352946466,True
1.0,20.8,0.48,0,2.825824505385388,7.282707999651427,7.351605831576157,True
1.0,20.8,0.48,1,2.2132331700988304,3.3733731112731418,8.639052158614255,True
1.0,20.8,0.48,2,2.7354778732647484,6.960268178630101,9.602154280845056,True
1.0,20.8,0.86,0,2.2246894368398697,7.0411292221147335,7.364253701127763,True
1.0,20.8,0.86,1,2.3170399962399735,5.431876352005942,7.859104585517431,True
1.0,20.8,0.86,2,2.9639377825619033,8.167204843756437,8.725883818899927,True
1.0,20.8,1.24,0,2.4703121708206304,5.23272764004526,8.505137014397718,True
1.0,20.8,1.24,1,2.2861105813686518,5.473692431585544,6.464341962259928,True
1.0,20.8,1.24,2,3.1667071115720558,8.713433580292183,10.20152861865199,True
1.0,20.8,1.62,0,2.507842548928042,5.0657451817740355,9.12865606223399,True
1.0,20.8,1.62,1,1.8774630756117006,3.740843802867731,3.6786922973824607,True
1.0,20.8,1.62,2,1.9101518077172548,3.3106590882993903,6.965764175975153,True
1.0,20.8,2.0,0,2.4348066851801478,5.058973968769324,9.942136003162911,True
1.0,20.8,2.0,1,2.6701992150734166,6.095673594798638,10.194699494191191,True
1.0,20.8,2.0,2,1.7650176370260624,2.5344242338593794,3.3257155267207583,True
1.0,40.6,0.1,0,2.3336360728712737,4.991315892570689,5.384728132617656,True
1.0,40.6,0.1,1,2.3454955486630102,5.378238027948846,6.9110845594618775,True
1.0,40.6,0.1,2,2.506083842140201,5.890119071609718,7.720019063928244,True
1.0,40.6,0.48,0,2.834860681149085,7.707043870948231,8.035720305858277,True
1.0,40.6,0.48,1,2.013211850052736,4.389736322577923,4.600851865719588,True
1.0,40.6,0.48,2,3.9204222508253617,10.750186645422858,8.746705311682845,True
1.0,40.6,0.86,0,1.9952454918045759,3.710083577691321,5.830930076074514,True
1.0,40.6,0.86,1,1.7971939428721015,4.129695560319186,8.998071311510246,True
1.0,40.6,0.86,2,3.1376255559983703,9.003994921960045,6.655258771838162,True
1.0,40.6,1.24,0,1.9607478073445181,2.3765534713627456,6.862208218540133,True
1.0,40.6,1.24,1,2.3822777601632383,6.15555666078271,4.991207377918345,True
1.0,40.6,1.24,2,3.3317745816549,9.157771371499125,10.128594996268568,True
1.0,40.6,1.62,0,2.1653511136863997,5.119432934794535,7.2552786895242996,True
1.0,40.6,1.62,1,3.1448238977867486,8.170116150129532,8.310281547644404,True
1.0,40.6,1.62,2,2.140608532015113,3.117076397469885,7.2822462185862165,True
1.0,40.6,2.0,0,2.9311945995602158,8.58598531533869,8.443051060170065,True
1.0,40.6,2.0,1,1.9572707302416916,3.5072753333845257,4.612469448290815,True
1.0,40.6,2.0,2,3.058183377172323,7.908470912613413,9.057827206995997,True
1.0,60.4,0.1,0,1.9405271746746826,5.212151154207783,5.433401160445316,True
1.0,60.4,0.1,1,1.9480465644234501,4.410246112094979,5.895588512420049,True
1.0,60.4,0.1,2,1.9097720694379543,3.674692923765865,5.406831638421936,True
1.0,60.4,0.48,0,2.015905967765992,3.7115311128636295,7.113832148511767,True
1.0,60.4,0.48,1,1.9517534200112119,3.0731264692414233,6.987791430106125,True
1.0,60.4,0.48,2,2.458857863594536,6.4428195071625165,6.514002577675135,True
1.0,60.4,0.86,0,2.538960608776044,7.411731722954487,6.293240159410941,True
1.0,60.4,0.86,1,1.9539283417411448,4.894319426179835,4.6221947643879435,True
1.0,60.4,0.86,2,2.001330937127376,4.28331809759051,4.454097285092649,True
1.0,60.4,1.24,0,2.1894959275532986,5.484589311010666,5.637398494775481,True
1.0,60.4,1.24,1,2.5566436872150424,7.898556158555254,7.320995770462189,True
1.0,60.4,1.24,2,2.281186835334874,5.336867198575317,6.306237736314764,True
1.0,60.4,1.62,0,2.562745920686277,6.11758529140328,7.396347887033169,True
1.0,60.4,1.62,1,1.9191224844639112,4.550311616074127,5.277669771261233,True
1.0,60.4,1.62,2,2.5832601946153444,6.628418257996305,6.1928372756862835,True
1.0,60.4,2.0,0,2.0022731873517916,3.2313075365849113,7.325757701757676,True
1.0,60.4,2.0,1,2.0448880940775744,5.727273757229239,1.8896217688325363,True
1.0,60.4,2.0,2,2.7337227436226823,6.866416747372266,8.906145101743174,True
1.0,80.2,0.1,0,2.8552216296004467,8.169365163659764,5.835551367809154,True
1.0,80.2,0.1,1,1.942239397272637,4.212792798988979,4.916238761099652,True
1.0,80.2,0.1,2,2.150774023097112,6.271361870945571,2.9168950211834423,True
1.0,80.2,0.48,0,2.3458163406546255,6.648655477915781,6.177406473105274,True
1.0,80.2,0.48,1,2.625015258979944,6.75601467933369,6.240089755001565,True
1.0,80.2,0.48,2,1.9768887828192403,4.90735169602727,4.2904752833532775,True
1.0,80.2,0.86,0,2.083408338568676,4.605844357016109,5.5392560130150805,True
1.0,80.2,0.86,1,1.9238787084149935,4.885265703723104,5.219273267857626,True
1.0,80.2,0.86,2,1.771628054354416,3.161061315552599,1.407351524577015,True
1.0,80.2,1.24,0,2.1031874355942817,5.656018767057138,5.15387370604494,True
1.0,80.2,1.24,1,2.621145774088047,7.709031949259409,6.56549511042096,True
1.0,80.2,1.24,2,2.4049739946759363,3.1392673500781227,7.248548298902623,True
1.0,80.2,1.62,0,1.9219276028854648,4.60314464097581,3.760712556792032,True
1.0,80.2,1.62,1,2.4665038759593196,5.640011383907679,7.12593400771705,True
1.0,80.2,1.62,2,2.0656279385241265,3.45908950297,4.938802266780482,True
1.0,80.2,2.0,0,2.0321565450252335,2.993536869524853,5.113646102027052,True
1.0,80.2,2.0,1,1.9546507644689668,4.39148853218488,4.5053710556370525,True
1.0,80.2,2.0,2,2.2679279564059023,6.202631464385754,6.989092777476842,True
1.0,100.0,0.1,0,2.9966456318110968,8.274694145025785,9.368481995493665,True
1.0,100.0,0.1,1,1.9499431997877803,2.2988750542204013,6.1594423176562145,True
1.0,100.0,0.1,2,2.5819155036906913,8.316286088993685,10.721454823566594,True
1.0,100.0,0.48,0,1.8371940639866802,3.308038721120583,5.241186086622947,True
1.0,100.0,0.48,1,1.9658103936765994,3.19003216435682,3.443401981368086,True
1.0,100.0,0.48,2,2.8870177438803637,8.181346248089827,8.309523269208622,True
1.0,100.0,0.86,0,2.0221197377467273,5.642331931791181,5.857670877154516,True
1.0,100.0,0.86,1,3.6133053898186978,9.591911944566014,8.531374675798114,True
1.0,100.0,0.86,2,2.020948370169978,2.776931799489649,7.3537548689158605,True
1.0,100.0,1.24,0,2.475552774675509,5.511690493459407,7.422804205565265,True
1.0,100.0,1.24,1,2.1836877067356695,6.032799083671673,3.499407799299376,True
1.0,100.0,1.24,2,2.1405612982501827,3.689618207535036,6.756238652714786,True
1.0,100.0,1.62,0,1.7512406271491678,3.90163912771131,4.4507803474089265,True
1.0,100.0,1.62,1,2.1793500859597486,4.196108457340267,7.002401231738943,True
1.0,100.0,1.62,2,2.4342286534116773,5.027902371515527,7.953218407534297,True
1.0,100.0,2.0,0,2.8081708664905034,6.327784471616325,8.17025355383712,True
1.0,100.0,2.0,1,2.682842799180153,6.3826404882181365,8.64285736129393,True
1.0,100.0,2.0,2,2.8364132985365806,7.5363882186059765,8.55045413152575,True
